{
  "accuracy": 0.5234375,
  "roc_auc": 0.5209535912786514,
  "average_precision": 0.5422539234484529
}